filename,label
06815248.jpg,neutral
11081001.jpg,sad
15340193.jpg,sad
43524856.jpg,sad
44437606.jpg,happy
44588941.jpg,sad
44820917.jpg,neutral
44976216.jpg,sad
44984713.jpg,neutral
45241209.jpg,neutral
45342163.jpg,neutral
45952868.jpg,fear
46106121.jpg,neutral
46163141.jpg,neutral
46802726.jpg,angry
46874464.jpg,happy
46885916.jpg,sad
46889619.jpg,neutral
47017757.jpg,happy
47053586.jpg,sad
47070133.jpg,neutral
47346231.jpg,neutral
47401846.jpg,neutral
47488727.jpg,neutral
47507638.jpg,neutral
47537192.jpg,sad
47601533.jpg,fear
47664294.jpg,neutral
47668189.jpg,fear
47817652.jpg,sad
47941114.jpg,angry
48030105.jpg,sad
48044767.jpg,neutral
48047912.jpg,neutral
48239881.jpg,neutral
48298914.jpg,neutral
48357118.jpg,neutral
48374833.jpg,sad
48436857.jpg,neutral
48488290.jpg,sad
48570204.jpg,neutral
48632549.jpg,neutral
48897393.jpg,angry
60017478.jpg,neutral
60021507.jpg,neutral
60065852.jpg,surprise
60067140.jpg,happy
60068481.jpg,neutral
60069703.jpg,fear
60171374.jpg,neutral
60173470.jpg,neutral
60173861.jpg,angry
60175445.jpg,fear
60175840.jpg,neutral
60177066.jpg,neutral
60178607.jpg,neutral
60180810.jpg,neutral
60181223.jpg,happy
60219859.jpg,neutral
60230771.jpg,neutral
60240385.jpg,neutral
60268576.jpg,angry
60291228.jpg,happy
60295120.jpg,neutral
60300752.jpg,fear
60302971.jpg,neutral
60350220.jpg,happy
60351019.jpg,neutral
60374268.jpg,happy
60375976.jpg,neutral
60417348.jpg,happy
60456245.jpg,neutral
60490398.jpg,fear
60511988.jpg,neutral
60531131.jpg,happy
60535497.jpg,angry
60536253.jpg,neutral
60568133.jpg,neutral
60581216.jpg,neutral
60611326.jpg,neutral
60617699.jpg,neutral
60643414.jpg,sad
60725194.jpg,neutral
60748374.jpg,neutral
60837230.jpg,fear
60837689.jpg,fear
60850532.jpg,sad
61204813.jpg,neutral
61206377.jpg,neutral
61320784.jpg,neutral
61321442.jpg,fear
61400336.jpg,sad
61628426.jpg,neutral
61642954.jpg,happy
61676480.jpg,neutral
61676485.jpg,happy
61719433.jpg,neutral
61816370.jpg,neutral
61958696.jpg,happy
62075695.jpg,neutral
62143917.jpg,fear
62146671.jpg,fear
62207196.jpg,sad
62297288.jpg,neutral
62411494.jpg,fear
62417450.jpg,happy
62528085.jpg,neutral
62624099.jpg,neutral
62627887.jpg,neutral
63026680.jpg,neutral
63034313.jpg,neutral
63266500.jpg,happy
63277685.jpg,fear
63372052.jpg,sad
70023192.jpg,neutral
70036502.jpg,neutral
70038251.jpg,fear
70041870.jpg,neutral
70046730.jpg,fear
70048031.jpg,happy
70050791.jpg,neutral
70056221.jpg,neutral
70056768.jpg,neutral
70057007.jpg,neutral
70057027.jpg,angry
70058189.jpg,neutral
70058339.jpg,happy
70060405.jpg,neutral
70062772.jpg,happy
70063004.jpg,neutral
70064446.jpg,surprise
70068038.jpg,happy
70069080.jpg,neutral
70070691.jpg,happy
70070749.jpg,angry
70072941.jpg,happy
70073331.jpg,angry
70076201.jpg,fear
70077642.jpg,neutral
70078398.jpg,neutral
70079783.jpg,neutral
70079850.jpg,neutral
70080001.jpg,sad
70080956.jpg,sad
70080966.jpg,sad
70080983.jpg,happy
70081695.jpg,neutral
70081956.jpg,neutral
70085040.jpg,fear
70085045.jpg,sad
70085067.jpg,neutral
70087538.jpg,sad
70087555.jpg,neutral
70088875.jpg,neutral
70093699.jpg,sad
70093712.jpg,neutral
70094660.jpg,neutral
70098578.jpg,sad
70100583.jpg,neutral
70104494.jpg,neutral
70106320.jpg,sad
70106346.jpg,happy
70106365.jpg,neutral
70108480.jpg,neutral
70108783.jpg,sad
70109196.jpg,neutral
70109424.jpg,neutral
70109518.jpg,neutral
70112301.jpg,fear
70112307.jpg,sad
70112573.jpg,angry
70113247.jpg,fear
70113263.jpg,neutral
70114118.jpg,sad
70126045.jpg,neutral
70127580.jpg,happy
70130378.jpg,neutral
70131497.jpg,sad
70136900.jpg,neutral
70137674.jpg,fear
70139031.jpg,sad
70139980.jpg,happy
70140976.jpg,happy
70142837.jpg,sad
70143983.jpg,neutral
70144022.jpg,neutral
70144063.jpg,sad
70145507.jpg,angry
70146994.jpg,fear
70147443.jpg,fear
70147445.jpg,fear
70148094.jpg,neutral
70153317.jpg,neutral
70155384.jpg,fear
70155867.jpg,neutral
70155913.jpg,fear
70159787.jpg,neutral
70159855.jpg,happy
70160174.jpg,neutral
70161614.jpg,neutral
70162427.jpg,happy
70164347.jpg,neutral
70168233.jpg,neutral
70170641.jpg,angry
70170642.jpg,angry
70176782.jpg,angry
70176848.jpg,neutral
70183475.jpg,neutral
70183511.jpg,fear
70184712.jpg,neutral
70185017.jpg,angry
70185030.jpg,neutral
70186176.jpg,neutral
70187410.jpg,neutral
70190246.jpg,neutral
70201065.jpg,neutral
70202303.jpg,neutral
70207106.jpg,neutral
70215337.jpg,fear
70216158.jpg,angry
70216172.jpg,happy
70217396.jpg,fear
70217398.jpg,sad
70217425.jpg,neutral
70220999.jpg,angry
70221655.jpg,neutral
70221725.jpg,neutral
70225632.jpg,neutral
70236796.jpg,sad
70236877.jpg,neutral
70236960.jpg,happy
70236984.jpg,angry
70238234.jpg,neutral
70238350.jpg,neutral
70239874.jpg,fear
70244543.jpg,neutral
70244558.jpg,sad
70249084.jpg,fear
70252486.jpg,neutral
70254998.jpg,fear
70257081.jpg,fear
70257086.jpg,neutral
70257116.jpg,neutral
70258329.jpg,happy
70258346.jpg,sad
70258347.jpg,sad
70258364.jpg,neutral
70258394.jpg,neutral
70258397.jpg,neutral
70258400.jpg,happy
70261596.jpg,sad
70261824.jpg,angry
70261832.jpg,neutral
70261976.jpg,happy
70263141.jpg,happy
70263165.jpg,neutral
70263182.jpg,neutral
70263416.jpg,happy
70266634.jpg,angry
70267200.jpg,fear
70269400.jpg,sad
70269404.jpg,happy
70269414.jpg,angry
70269933.jpg,fear
70273958.jpg,neutral
70273967.jpg,neutral
70273974.jpg,sad
70273975.jpg,neutral
70273983.jpg,neutral
70274235.jpg,fear
70274274.jpg,sad
70277721.jpg,sad
70278018.jpg,angry
70279451.jpg,fear
70279484.jpg,neutral
70279489.jpg,angry
70279875.jpg,neutral
70280086.jpg,neutral
70280088.jpg,sad
70282661.jpg,neutral
70283352.jpg,neutral
70284399.jpg,neutral
70286274.jpg,neutral
70286295.jpg,neutral
70286617.jpg,happy
70286627.jpg,angry
70288410.jpg,sad
70288445.jpg,neutral
70290570.jpg,neutral
70290593.jpg,neutral
70290625.jpg,neutral
70292994.jpg,neutral
70296970.jpg,neutral
70297437.jpg,neutral
70298583.jpg,neutral
70299874.jpg,happy
70308462.jpg,happy
70309615.jpg,angry
70310443.jpg,sad
70310451.jpg,neutral
70310460.jpg,neutral
70310898.jpg,happy
70310932.jpg,sad
70310933.jpg,fear
70319725.jpg,neutral
70321626.jpg,angry
70323882.jpg,neutral
70326024.jpg,happy
70326054.jpg,sad
70326786.jpg,sad
70335709.jpg,happy
70335711.jpg,neutral
70342873.jpg,sad
70346737.jpg,neutral
70352533.jpg,neutral
70353181.jpg,neutral
70353183.jpg,neutral
70353211.jpg,neutral
70355121.jpg,happy
70356504.jpg,fear
70362853.jpg,fear
70362899.jpg,neutral
70364117.jpg,sad
70367342.jpg,neutral
70367344.jpg,neutral
70372317.jpg,fear
70379929.jpg,neutral
70379935.jpg,neutral
70379939.jpg,neutral
70383661.jpg,neutral
70389660.jpg,neutral
70403287.jpg,fear
70405148.jpg,sad
70405196.jpg,fear
70405257.jpg,neutral
70405905.jpg,neutral
70405921.jpg,neutral
70405937.jpg,sad
70407044.jpg,happy
70407071.jpg,neutral
70408813.jpg,neutral
70412528.jpg,happy
70412612.jpg,neutral
70414846.jpg,sad
70415985.jpg,neutral
70430235.jpg,happy
70443853.jpg,neutral
70446004.jpg,neutral
70446029.jpg,neutral
70447277.jpg,neutral
70449756.jpg,angry
70459539.jpg,angry
70461286.jpg,sad
70465675.jpg,happy
70476976.jpg,fear
70480750.jpg,sad
70483991.jpg,sad
70490846.jpg,neutral
70496198.jpg,neutral
70496244.jpg,sad
70496256.jpg,neutral
70501275.jpg,neutral
70504403.jpg,happy
70507057.jpg,neutral
70511957.jpg,neutral
70511998.jpg,neutral
70513363.jpg,fear
70513365.jpg,happy
70513368.jpg,happy
70513383.jpg,neutral
70513741.jpg,surprise
70513936.jpg,fear
70513940.jpg,neutral
70514990.jpg,neutral
70518924.jpg,sad
70519554.jpg,angry
70520756.jpg,sad
70524300.jpg,neutral
70525167.jpg,happy
70526332.jpg,angry
70526343.jpg,happy
70541005.jpg,sad
70541761.jpg,neutral
70542770.jpg,fear
70543491.jpg,neutral
70543494.jpg,fear
70543509.jpg,sad
70543513.jpg,sad
70547462.jpg,neutral
70550823.jpg,fear
70555182.jpg,neutral
70555929.jpg,neutral
70558433.jpg,fear
70561176.jpg,neutral
70561180.jpg,neutral
70568639.jpg,sad
70568647.jpg,happy
70570678.jpg,neutral
70581406.jpg,sad
70599710.jpg,sad
70599711.jpg,angry
70600911.jpg,happy
70600965.jpg,neutral
70605667.jpg,angry
70606293.jpg,neutral
70609172.jpg,neutral
70610161.jpg,neutral
70613381.jpg,fear
70614262.jpg,neutral
70614264.jpg,fear
70614565.jpg,neutral
70615011.jpg,neutral
70615014.jpg,neutral
70617053.jpg,sad
70617910.jpg,neutral
70617912.jpg,neutral
70617914.jpg,happy
70617916.jpg,neutral
70617917.jpg,sad
70650108.jpg,fear
70650481.jpg,happy
70650722.jpg,neutral
70657659.jpg,happy
70662493.jpg,fear
70663081.jpg,sad
70664167.jpg,neutral
70668159.jpg,happy
70669991.jpg,surprise
70670297.jpg,neutral
70678203.jpg,neutral
70678934.jpg,sad
70680685.jpg,neutral
70683528.jpg,fear
70750424.jpg,happy
70750436.jpg,fear
70761202.jpg,sad
70761597.jpg,neutral
70761752.jpg,neutral
70763606.jpg,neutral
70766358.jpg,sad
70767988.jpg,neutral
70768434.jpg,sad
70789932.jpg,neutral
70791460.jpg,fear
70791529.jpg,neutral
70797995.jpg,angry
70798867.jpg,happy
70801246.jpg,happy
70808195.jpg,sad
70808220.jpg,sad
70808231.jpg,fear
70811204.jpg,surprise
70812465.jpg,happy
70813069.jpg,neutral
70814020.jpg,neutral
70818667.jpg,neutral
70818669.jpg,neutral
70818674.jpg,happy
70819099.jpg,angry
70820976.jpg,happy
70821459.jpg,neutral
70821477.jpg,fear
70821500.jpg,fear
70823261.jpg,angry
70823263.jpg,sad
70823311.jpg,neutral
70823367.jpg,neutral
70823438.jpg,sad
70827706.jpg,sad
70828274.jpg,fear
70828947.jpg,neutral
70829810.jpg,fear
70829818.jpg,fear
70829827.jpg,happy
70829829.jpg,fear
70829834.jpg,happy
70829937.jpg,sad
70830338.jpg,fear
70830359.jpg,neutral
70831327.jpg,happy
70831329.jpg,sad
70831335.jpg,neutral
70831916.jpg,fear
70831926.jpg,neutral
70831927.jpg,neutral
70833320.jpg,sad
70834115.jpg,happy
70835735.jpg,sad
70837837.jpg,fear
70838412.jpg,sad
70838417.jpg,neutral
70838420.jpg,neutral
70838683.jpg,happy
70840196.jpg,fear
70842402.jpg,neutral
70842739.jpg,sad
70846646.jpg,neutral
70846846.jpg,sad
70846848.jpg,fear
70846859.jpg,happy
70846867.jpg,neutral
70847086.jpg,fear
70848024.jpg,neutral
70849994.jpg,fear
70852830.jpg,neutral
70852831.jpg,fear
70854053.jpg,neutral
70856060.jpg,happy
70856946.jpg,happy
70859130.jpg,happy
70864452.jpg,fear
70864470.jpg,neutral
70864503.jpg,neutral
70864504.jpg,happy
70865190.jpg,sad
70865203.jpg,angry
70865812.jpg,fear
70865816.jpg,neutral
70865873.jpg,neutral
70868926.jpg,neutral
70871506.jpg,neutral
70872646.jpg,neutral
70876829.jpg,fear
70889807.jpg,neutral
70898038.jpg,neutral
70900595.jpg,fear
70900605.jpg,neutral
70907325.jpg,neutral
70907772.jpg,neutral
70910247.jpg,neutral
70911548.jpg,neutral
70914898.jpg,neutral
70915851.jpg,angry
70921326.jpg,sad
70921329.jpg,neutral
70921332.jpg,happy
70921336.jpg,happy
70925285.jpg,happy
70932850.jpg,neutral
70932855.jpg,sad
70932856.jpg,neutral
70939882.jpg,neutral
70939886.jpg,neutral
70939893.jpg,angry
70939896.jpg,neutral
70940664.jpg,happy
70941451.jpg,surprise
70941456.jpg,happy
70943736.jpg,happy
70943741.jpg,neutral
70969835.jpg,neutral
70972970.jpg,neutral
70972978.jpg,happy
70977153.jpg,neutral
70982435.jpg,neutral
70983640.jpg,neutral
70984461.jpg,surprise
70989361.jpg,neutral
70989366.jpg,neutral
70989367.jpg,neutral
70989379.jpg,neutral
70998197.jpg,sad
71000086.jpg,neutral
71000087.jpg,neutral
71000093.jpg,neutral
71003963.jpg,neutral
71003964.jpg,neutral
71008115.jpg,neutral
71009964.jpg,sad
71011735.jpg,angry
71011845.jpg,sad
71011920.jpg,fear
71016240.jpg,happy
71016248.jpg,fear
71016251.jpg,neutral
71016329.jpg,neutral
71016577.jpg,neutral
71019668.jpg,happy
71023631.jpg,happy
71023634.jpg,sad
71023657.jpg,fear
71023669.jpg,neutral
71023671.jpg,fear
71024801.jpg,neutral
71024908.jpg,sad
71024920.jpg,neutral
71024937.jpg,sad
71024949.jpg,neutral
71026299.jpg,neutral
71027462.jpg,sad
71027555.jpg,neutral
71027566.jpg,sad
71027569.jpg,neutral
71027684.jpg,sad
71027693.jpg,happy
71030509.jpg,happy
71030736.jpg,neutral
71033950.jpg,fear
71035905.jpg,neutral
71038123.jpg,neutral
71040166.jpg,neutral
71040263.jpg,fear
71044789.jpg,fear
71044809.jpg,neutral
71045909.jpg,neutral
71045941.jpg,fear
71045985.jpg,neutral
71047446.jpg,happy
71049706.jpg,angry
71055225.jpg,neutral
71055233.jpg,neutral
71055251.jpg,neutral
71057725.jpg,happy
71057797.jpg,neutral
71057806.jpg,neutral
71058843.jpg,neutral
71059945.jpg,sad
71059946.jpg,neutral
71059954.jpg,sad
71061739.jpg,sad
71064043.jpg,sad
71064136.jpg,angry
71066628.jpg,neutral
71066668.jpg,neutral
71075332.jpg,neutral
71075334.jpg,fear
71075343.jpg,neutral
71075345.jpg,neutral
71075350.jpg,neutral
71075353.jpg,neutral
71076500.jpg,angry
71076504.jpg,sad
71077641.jpg,neutral
71079002.jpg,fear
71082123.jpg,fear
71093421.jpg,neutral
71096505.jpg,neutral
71099873.jpg,neutral
71114037.jpg,neutral
71115660.jpg,neutral
71115663.jpg,fear
71115669.jpg,happy
71115695.jpg,happy
71115699.jpg,neutral
71115712.jpg,angry
71115735.jpg,sad
71118693.jpg,sad
71119853.jpg,sad
71119854.jpg,neutral
71120524.jpg,neutral
71130563.jpg,neutral
71134782.jpg,sad
71136020.jpg,surprise
71137146.jpg,neutral
71193748.jpg,fear
71199680.jpg,neutral
71205208.jpg,sad
71222587.jpg,fear
71225980.jpg,neutral
71227077.jpg,neutral
71230154.jpg,neutral
71235790.jpg,neutral
71237535.jpg,angry
71250601.jpg,sad
71256489.jpg,neutral
71262193.jpg,sad
71266184.jpg,happy
71267109.jpg,sad
71271348.jpg,fear
71289632.jpg,angry
71293620.jpg,fear
71298002.jpg,surprise
71313649.jpg,angry
71315731.jpg,happy
71327473.jpg,fear
71329039.jpg,happy
71333048.jpg,neutral
71334681.jpg,sad
71336464.jpg,neutral
71338649.jpg,neutral
71347925.jpg,neutral
71348375.jpg,neutral
71348421.jpg,neutral
71348431.jpg,neutral
71348495.jpg,neutral
71348533.jpg,neutral
71348642.jpg,neutral
71348692.jpg,happy
71348718.jpg,neutral
71348724.jpg,happy
71348797.jpg,sad
71348815.jpg,neutral
71348823.jpg,fear
71348883.jpg,neutral
71348949.jpg,happy
71348985.jpg,sad
71348988.jpg,fear
71350458.jpg,neutral
71372278.jpg,angry
71372305.jpg,happy
71372338.jpg,neutral
71372353.jpg,neutral
71372372.jpg,happy
71373718.jpg,sad
71374918.jpg,neutral
71374924.jpg,neutral
71374946.jpg,neutral
71378773.jpg,neutral
71378811.jpg,neutral
71378814.jpg,neutral
71378885.jpg,neutral
71378886.jpg,neutral
71378920.jpg,fear
71378939.jpg,neutral
71386513.jpg,happy
71388363.jpg,neutral
71391496.jpg,fear
71391523.jpg,neutral
71401583.jpg,neutral
71414507.jpg,neutral
71415714.jpg,fear
71419252.jpg,sad
71423828.jpg,neutral
71423829.jpg,neutral
71424506.jpg,neutral
71430482.jpg,fear
71431744.jpg,fear
71431750.jpg,happy
71431760.jpg,neutral
71431813.jpg,neutral
71431827.jpg,sad
71431859.jpg,fear
71432418.jpg,neutral
71433809.jpg,sad
71437530.jpg,neutral
71437531.jpg,neutral
71437576.jpg,neutral
71437636.jpg,neutral
71437663.jpg,neutral
71437682.jpg,neutral
71437721.jpg,sad
71439244.jpg,fear
71439258.jpg,happy
71439423.jpg,neutral
71439434.jpg,neutral
71440536.jpg,sad
71441801.jpg,neutral
71441810.jpg,fear
71441819.jpg,angry
71441882.jpg,neutral
71442652.jpg,neutral
71442730.jpg,fear
71442775.jpg,sad
71444395.jpg,fear
71444409.jpg,happy
71444410.jpg,fear
71444421.jpg,fear
71445205.jpg,neutral
71449943.jpg,neutral
71449956.jpg,neutral
71450526.jpg,happy
71453044.jpg,neutral
71456420.jpg,neutral
71459569.jpg,neutral
71459835.jpg,neutral
71460758.jpg,sad
71461143.jpg,fear
71461263.jpg,fear
71462880.jpg,happy
71463144.jpg,fear
71464930.jpg,happy
71464947.jpg,sad
71475092.jpg,sad
71476953.jpg,neutral
71477935.jpg,neutral
71477962.jpg,neutral
71479996.jpg,neutral
71480019.jpg,neutral
71486683.jpg,neutral
71493813.jpg,fear
71493911.jpg,neutral
71493919.jpg,neutral
71494364.jpg,neutral
71499948.jpg,neutral
71500952.jpg,sad
71501099.jpg,neutral
71501129.jpg,neutral
71502088.jpg,neutral
71502089.jpg,neutral
71503195.jpg,fear
71503743.jpg,fear
71505530.jpg,neutral
71505716.jpg,neutral
71505820.jpg,neutral
71506890.jpg,neutral
71506899.jpg,neutral
71508474.jpg,fear
71508475.jpg,happy
71508508.jpg,neutral
71508532.jpg,happy
71508546.jpg,neutral
71508561.jpg,fear
71512411.jpg,neutral
71512466.jpg,neutral
71512475.jpg,neutral
71512505.jpg,neutral
71513311.jpg,sad
71519761.jpg,neutral
71520106.jpg,fear
71521066.jpg,neutral
71522283.jpg,neutral
71523741.jpg,neutral
71525375.jpg,neutral
71525434.jpg,neutral
71525835.jpg,neutral
71526824.jpg,happy
71526842.jpg,neutral
71527636.jpg,neutral
71527725.jpg,neutral
71529660.jpg,neutral
71530550.jpg,fear
71530985.jpg,neutral
71531014.jpg,neutral
71531543.jpg,neutral
71534568.jpg,neutral
71538897.jpg,sad
71543679.jpg,happy
71544784.jpg,fear
71548243.jpg,neutral
71552621.jpg,neutral
71558139.jpg,sad
71558153.jpg,neutral
71561485.jpg,happy
71561526.jpg,happy
71561547.jpg,neutral
71561584.jpg,neutral
71563957.jpg,neutral
71565292.jpg,happy
71565378.jpg,neutral
71565414.jpg,neutral
71565440.jpg,fear
71565473.jpg,fear
71569000.jpg,sad
71569002.jpg,sad
71572517.jpg,neutral
71579058.jpg,neutral
71579801.jpg,fear
71579802.jpg,angry
71581080.jpg,sad
71581118.jpg,neutral
71581119.jpg,neutral
71581122.jpg,fear
71582318.jpg,happy
71582325.jpg,neutral
71586313.jpg,neutral
71586323.jpg,neutral
71589222.jpg,neutral
71589381.jpg,fear
71591842.jpg,sad
71594039.jpg,sad
71596657.jpg,sad
71597853.jpg,happy
71598413.jpg,angry
71598635.jpg,angry
71602466.jpg,neutral
71604749.jpg,neutral
71604750.jpg,sad
71604762.jpg,neutral
71604848.jpg,surprise
71604999.jpg,neutral
71608285.jpg,neutral
71608306.jpg,angry
71608451.jpg,happy
71615986.jpg,angry
71615988.jpg,sad
71617706.jpg,sad
71617720.jpg,angry
71621194.jpg,happy
71621870.jpg,neutral
71624390.jpg,neutral
71627402.jpg,fear
71627427.jpg,neutral
71627443.jpg,happy
71629002.jpg,angry
71634533.jpg,neutral
71634615.jpg,fear
71634620.jpg,neutral
71637226.jpg,fear
71637231.jpg,neutral
71641021.jpg,neutral
71641127.jpg,fear
71641309.jpg,sad
71646059.jpg,neutral
71647573.jpg,neutral
71647576.jpg,neutral
71649346.jpg,sad
71649359.jpg,fear
71649971.jpg,neutral
71649982.jpg,sad
71652826.jpg,happy
71652835.jpg,neutral
71652836.jpg,neutral
71652850.jpg,neutral
71653082.jpg,happy
71653947.jpg,sad
71655049.jpg,neutral
71655478.jpg,neutral
71660503.jpg,sad
71660506.jpg,sad
71660509.jpg,neutral
71660560.jpg,sad
71661672.jpg,happy
71661673.jpg,fear
71666301.jpg,sad
71666385.jpg,fear
71666401.jpg,happy
71666403.jpg,surprise
71666454.jpg,neutral
71668315.jpg,neutral
71690609.jpg,happy
71692460.jpg,sad
71692467.jpg,neutral
71693169.jpg,fear
71697354.jpg,sad
71700258.jpg,neutral
71701136.jpg,sad
71704453.jpg,surprise
71706498.jpg,sad
71706584.jpg,angry
71708826.jpg,angry
71709839.jpg,fear
71711011.jpg,fear
71715416.jpg,fear
71715504.jpg,neutral
71716239.jpg,neutral
71719638.jpg,neutral
71719648.jpg,happy
71722962.jpg,surprise
71723975.jpg,sad
71726614.jpg,fear
71730454.jpg,fear
71734811.jpg,neutral
71734815.jpg,neutral
71736029.jpg,neutral
71736270.jpg,sad
71736889.jpg,neutral
71738385.jpg,surprise
71738418.jpg,fear
71739886.jpg,happy
71739903.jpg,neutral
71741933.jpg,fear
71741960.jpg,fear
71743638.jpg,fear
71744673.jpg,neutral
71744691.jpg,neutral
71744699.jpg,neutral
71746144.jpg,angry
71751609.jpg,neutral
71751616.jpg,neutral
71754190.jpg,sad
71754859.jpg,sad
71754866.jpg,neutral
71759560.jpg,sad
71778114.jpg,neutral
71778244.jpg,neutral
71784927.jpg,neutral
71788810.jpg,angry
71788823.jpg,neutral
71790652.jpg,fear
71790657.jpg,neutral
71792362.jpg,sad
71792387.jpg,neutral
71792423.jpg,angry
71792837.jpg,neutral
71801842.jpg,neutral
71801843.jpg,sad
71807139.jpg,sad
71807501.jpg,angry
71807506.jpg,angry
71807517.jpg,happy
71818652.jpg,neutral
71818916.jpg,neutral
71819309.jpg,sad
71822246.jpg,neutral
71824212.jpg,fear
71824326.jpg,neutral
71824397.jpg,angry
71830530.jpg,neutral
71830559.jpg,fear
71836129.jpg,neutral
71837508.jpg,sad
71837730.jpg,fear
71839641.jpg,surprise
71840599.jpg,happy
71840619.jpg,fear
71844699.jpg,neutral
71847496.jpg,neutral
71847831.jpg,happy
71848661.jpg,fear
71849097.jpg,neutral
71849468.jpg,neutral
71849568.jpg,neutral
71851487.jpg,neutral
71851488.jpg,sad
71854176.jpg,neutral
71854200.jpg,neutral
71854219.jpg,sad
71856716.jpg,neutral
71856719.jpg,neutral
71857157.jpg,neutral
71857207.jpg,neutral
71857229.jpg,angry
71859392.jpg,neutral
71859729.jpg,neutral
71859895.jpg,fear
71860004.jpg,neutral
71864527.jpg,sad
71864552.jpg,sad
71864561.jpg,fear
71864586.jpg,neutral
71864594.jpg,happy
71867724.jpg,neutral
71867853.jpg,neutral
71868083.jpg,happy
71868148.jpg,neutral
71868150.jpg,neutral
71868208.jpg,fear
71868322.jpg,happy
71868493.jpg,sad
71870801.jpg,fear
71870802.jpg,sad
71870804.jpg,neutral
71873311.jpg,neutral
71873393.jpg,neutral
71877635.jpg,neutral
71882357.jpg,neutral
71882373.jpg,neutral
71883669.jpg,neutral
71883694.jpg,neutral
71885816.jpg,angry
71892837.jpg,fear
71893042.jpg,fear
71893116.jpg,neutral
71893363.jpg,sad
71893510.jpg,happy
71896035.jpg,angry
71902366.jpg,fear
71908030.jpg,neutral
71908133.jpg,sad
71909770.jpg,happy
71909837.jpg,neutral
71910604.jpg,neutral
71911022.jpg,neutral
71913962.jpg,fear
71920246.jpg,neutral
71920454.jpg,neutral
71920487.jpg,neutral
71922594.jpg,sad
71924134.jpg,neutral
71932270.jpg,fear
71935411.jpg,fear
71935636.jpg,neutral
71935721.jpg,sad
71935761.jpg,neutral
71935770.jpg,neutral
71935812.jpg,neutral
71938669.jpg,happy
71938678.jpg,neutral
71938899.jpg,neutral
71940414.jpg,happy
71941760.jpg,fear
71942178.jpg,angry
71945035.jpg,neutral
71945085.jpg,sad
71945107.jpg,angry
71945224.jpg,neutral
71945260.jpg,neutral
71945463.jpg,sad
71945487.jpg,happy
71945491.jpg,sad
71945545.jpg,neutral
71946776.jpg,sad
71946817.jpg,neutral
71947184.jpg,sad
71947310.jpg,neutral
71948378.jpg,sad
71948725.jpg,neutral
71948728.jpg,neutral
71949912.jpg,neutral
71949977.jpg,neutral
71950125.jpg,angry
71950134.jpg,happy
71953196.jpg,disgust
71953197.jpg,fear
71953287.jpg,angry
71953609.jpg,neutral
71953677.jpg,neutral
71953706.jpg,neutral
71953725.jpg,sad
71953883.jpg,neutral
71955602.jpg,surprise
71955691.jpg,neutral
71957381.jpg,fear
71957715.jpg,neutral
71958348.jpg,angry
71958368.jpg,neutral
71958378.jpg,angry
71958409.jpg,neutral
71958437.jpg,neutral
71958444.jpg,fear
71958448.jpg,neutral
71958549.jpg,neutral
71958715.jpg,neutral
71960898.jpg,fear
71960899.jpg,happy
71960964.jpg,neutral
71964996.jpg,fear
71965001.jpg,happy
71965020.jpg,fear
71965022.jpg,neutral
71965075.jpg,happy
71965256.jpg,sad
71965283.jpg,neutral
71965300.jpg,happy
71966897.jpg,neutral
71969280.jpg,sad
71969419.jpg,sad
71969467.jpg,fear
71969474.jpg,sad
71970878.jpg,happy
71971800.jpg,angry
71976594.jpg,neutral
71976601.jpg,neutral
71976602.jpg,neutral
71977805.jpg,sad
71979642.jpg,neutral
71980654.jpg,happy
71981566.jpg,neutral
71981573.jpg,neutral
71982266.jpg,sad
71982276.jpg,fear
71984028.jpg,happy
71988846.jpg,neutral
71991569.jpg,neutral
71991648.jpg,neutral
71991689.jpg,fear
71991709.jpg,fear
71995646.jpg,fear
71997646.jpg,fear
71998268.jpg,sad
71998298.jpg,happy
72002237.jpg,neutral
72002246.jpg,neutral
72003336.jpg,happy
72003847.jpg,happy
72005136.jpg,angry
72005187.jpg,happy
72007646.jpg,angry
72007647.jpg,neutral
72007671.jpg,fear
72007682.jpg,sad
72011445.jpg,neutral
72011650.jpg,angry
72011760.jpg,fear
72011933.jpg,happy
72013607.jpg,angry
72015835.jpg,neutral
72015842.jpg,neutral
72015871.jpg,sad
72015886.jpg,neutral
72015905.jpg,angry
72016421.jpg,happy
72018858.jpg,neutral
72019317.jpg,angry
72019537.jpg,sad
72019546.jpg,neutral
72027865.jpg,happy
72037907.jpg,happy
72038073.jpg,happy
72039563.jpg,neutral
72039956.jpg,angry
72043974.jpg,neutral
72043982.jpg,sad
72043999.jpg,neutral
72046732.jpg,sad
72049387.jpg,angry
72072397.jpg,neutral
72072483.jpg,sad
72072489.jpg,fear
72072490.jpg,neutral
72072491.jpg,sad
72072572.jpg,neutral
72073760.jpg,neutral
72073790.jpg,neutral
72074319.jpg,sad
72074400.jpg,neutral
72076575.jpg,happy
72076585.jpg,happy
72076658.jpg,happy
72077470.jpg,fear
72079957.jpg,happy
72079961.jpg,fear
72079970.jpg,fear
72079972.jpg,sad
72079992.jpg,neutral
72080041.jpg,fear
72085370.jpg,happy
72087257.jpg,sad
72088919.jpg,neutral
72111282.jpg,sad
72113242.jpg,fear
72114363.jpg,neutral
72114380.jpg,neutral
72119362.jpg,happy
72121992.jpg,fear
72127888.jpg,sad
72127920.jpg,sad
72129081.jpg,happy
72129115.jpg,sad
72131093.jpg,happy
72133052.jpg,neutral
72133057.jpg,fear
72133058.jpg,happy
72133072.jpg,sad
72145003.jpg,neutral
72146954.jpg,neutral
72148993.jpg,happy
72153031.jpg,fear
72155676.jpg,neutral
72155707.jpg,neutral
72157974.jpg,angry
72160181.jpg,neutral
72161574.jpg,neutral
72165203.jpg,sad
72167068.jpg,neutral
72170828.jpg,neutral
72175039.jpg,sad
72175997.jpg,fear
72177041.jpg,neutral
72177096.jpg,sad
72177122.jpg,sad
72177311.jpg,fear
72177348.jpg,happy
72179968.jpg,angry
72179999.jpg,neutral
72182570.jpg,neutral
72189110.jpg,fear
72193801.jpg,angry
72197707.jpg,neutral
72197724.jpg,fear
72198978.jpg,neutral
72199588.jpg,neutral
72199640.jpg,neutral
72205486.jpg,fear
72216351.jpg,neutral
72216401.jpg,neutral
72220038.jpg,neutral
72220648.jpg,sad
72221307.jpg,neutral
72225804.jpg,neutral
72226484.jpg,neutral
72228148.jpg,neutral
72228922.jpg,happy
72228928.jpg,happy
72230468.jpg,neutral
72231350.jpg,neutral
72231357.jpg,neutral
72231361.jpg,sad
72231403.jpg,happy
72231411.jpg,neutral
72238942.jpg,neutral
72252754.jpg,neutral
72258738.jpg,happy
72266966.jpg,surprise
72269742.jpg,fear
72275252.jpg,neutral
72280718.jpg,angry
72282101.jpg,neutral
72283103.jpg,neutral
72283104.jpg,fear
72288928.jpg,angry
72289853.jpg,neutral
72295696.jpg,happy
72301486.jpg,sad
72304353.jpg,neutral
72304663.jpg,neutral
72308618.jpg,happy
72308621.jpg,neutral
72312741.jpg,neutral
72315467.jpg,happy
72319134.jpg,sad
72319248.jpg,neutral
72320763.jpg,sad
72326716.jpg,sad
72326720.jpg,fear
72326721.jpg,happy
72327850.jpg,neutral
72329826.jpg,fear
72354384.jpg,neutral
72358903.jpg,neutral
72362472.jpg,neutral
72363720.jpg,neutral
72363740.jpg,neutral
72367500.jpg,fear
72372832.jpg,neutral
72384840.jpg,neutral
72385211.jpg,neutral
72385556.jpg,sad
72387063.jpg,sad
72389121.jpg,fear
72392792.jpg,neutral
72393235.jpg,neutral
72395492.jpg,happy
72396264.jpg,neutral
72396764.jpg,neutral
72399229.jpg,neutral
72399236.jpg,neutral
72399651.jpg,neutral
72411718.jpg,neutral
72411719.jpg,surprise
72413021.jpg,sad
72416663.jpg,angry
72423757.jpg,neutral
72425421.jpg,neutral
72425425.jpg,angry
72425450.jpg,neutral
72428433.jpg,fear
72428770.jpg,neutral
72433637.jpg,neutral
72436216.jpg,sad
72441999.jpg,neutral
72451426.jpg,neutral
72453613.jpg,happy
72453641.jpg,fear
72455171.jpg,angry
72455174.jpg,neutral
72456113.jpg,neutral
72469558.jpg,neutral
72471480.jpg,sad
72471482.jpg,neutral
72471589.jpg,neutral
72478608.jpg,neutral
72480593.jpg,happy
72493010.jpg,neutral
72493013.jpg,fear
72495282.jpg,neutral
72495337.jpg,happy
72496551.jpg,neutral
72496556.jpg,happy
72501869.jpg,neutral
72505009.jpg,neutral
72510263.jpg,happy
72513433.jpg,angry
72514012.jpg,neutral
72514025.jpg,neutral
72514090.jpg,neutral
72515904.jpg,neutral
72523453.jpg,angry
72527114.jpg,fear
72535509.jpg,sad
72535631.jpg,neutral
72535674.jpg,neutral
72535702.jpg,sad
72535711.jpg,happy
72535797.jpg,neutral
72538152.jpg,happy
72538160.jpg,fear
72538907.jpg,happy
72540732.jpg,happy
72540744.jpg,happy
72540755.jpg,happy
72541924.jpg,neutral
72542573.jpg,neutral
72542579.jpg,neutral
72545334.jpg,neutral
72545789.jpg,neutral
72546761.jpg,neutral
72546778.jpg,neutral
72557014.jpg,fear
72567646.jpg,neutral
72580599.jpg,sad
72608587.jpg,neutral
72608593.jpg,angry
72608985.jpg,neutral
72608995.jpg,neutral
72609461.jpg,happy
72624986.jpg,neutral
72629623.jpg,happy
72629867.jpg,neutral
72630975.jpg,neutral
72631439.jpg,neutral
72631440.jpg,sad
72631480.jpg,neutral
72636079.jpg,angry
72636089.jpg,fear
72637969.jpg,neutral
72640715.jpg,neutral
72640771.jpg,happy
72655545.jpg,neutral
72659197.jpg,neutral
72660904.jpg,fear
72663820.jpg,happy
72667610.jpg,neutral
72672405.jpg,angry
72672419.jpg,neutral
72678834.jpg,neutral
72682101.jpg,fear
72682149.jpg,happy
72684877.jpg,neutral
72686576.jpg,fear
72687386.jpg,neutral
72689858.jpg,neutral
72710954.jpg,neutral
72711651.jpg,angry
72725228.jpg,neutral
72725256.jpg,neutral
72730216.jpg,sad
72735137.jpg,neutral
72736540.jpg,neutral
72736674.jpg,neutral
72736751.jpg,sad
72737899.jpg,neutral
72741077.jpg,neutral
72741236.jpg,neutral
72742089.jpg,angry
72743121.jpg,happy
72743479.jpg,neutral
72749331.jpg,angry
72752021.jpg,neutral
72752031.jpg,sad
72753020.jpg,neutral
72755532.jpg,neutral
72757633.jpg,happy
72770919.jpg,neutral
72772887.jpg,neutral
72781264.jpg,neutral
72781810.jpg,sad
72784418.jpg,neutral
72792210.jpg,neutral
72795289.jpg,neutral
72795290.jpg,neutral
72800773.jpg,fear
72807350.jpg,angry
72810388.jpg,neutral
72812303.jpg,sad
72812315.jpg,neutral
72812833.jpg,neutral
72814930.jpg,sad
72815537.jpg,sad
72816630.jpg,neutral
72838518.jpg,neutral
72842473.jpg,sad
72843307.jpg,happy
72843332.jpg,neutral
72843337.jpg,happy
72845868.jpg,neutral
72851335.jpg,neutral
72851381.jpg,happy
72853338.jpg,neutral
72853353.jpg,neutral
72859091.jpg,neutral
72859115.jpg,neutral
72859524.jpg,neutral
72861180.jpg,neutral
72862945.jpg,neutral
72868617.jpg,neutral
72877393.jpg,neutral
72879028.jpg,neutral
72879528.jpg,neutral
72880221.jpg,sad
72880274.jpg,neutral
72880313.jpg,neutral
72883234.jpg,neutral
72883241.jpg,sad
72883256.jpg,neutral
72883295.jpg,angry
72883372.jpg,surprise
72883431.jpg,neutral
72884475.jpg,neutral
72884745.jpg,fear
72884795.jpg,neutral
72895120.jpg,neutral
72895154.jpg,sad
72905002.jpg,fear
72905021.jpg,neutral
72907198.jpg,neutral
72907202.jpg,happy
72909584.jpg,neutral
72909623.jpg,sad
72919207.jpg,fear
72919367.jpg,fear
72919431.jpg,fear
72925953.jpg,neutral
72930115.jpg,sad
72941598.jpg,surprise
72941602.jpg,neutral
72942523.jpg,fear
72942569.jpg,neutral
72943615.jpg,fear
72945079.jpg,angry
72945082.jpg,sad
72945390.jpg,happy
72945391.jpg,neutral
72945667.jpg,angry
72945911.jpg,surprise
72945926.jpg,happy
72946037.jpg,happy
72947303.jpg,happy
72948316.jpg,neutral
72948374.jpg,sad
72950210.jpg,neutral
72950218.jpg,sad
72950415.jpg,sad
72950743.jpg,happy
72952341.jpg,sad
72960541.jpg,fear
72966745.jpg,happy
72968544.jpg,neutral
72968713.jpg,neutral
72970312.jpg,neutral
72978550.jpg,happy
72979611.jpg,neutral
73001239.jpg,neutral
73004797.jpg,happy
73016375.jpg,surprise
73024098.jpg,neutral
73025685.jpg,sad
73026734.jpg,neutral
73034870.jpg,neutral
73034872.jpg,neutral
73040386.jpg,neutral
73041360.jpg,happy
73041374.jpg,neutral
73041381.jpg,sad
73041389.jpg,sad
73041406.jpg,happy
73052227.jpg,angry
73059162.jpg,neutral
73059175.jpg,neutral
73059178.jpg,happy
73059575.jpg,surprise
73059576.jpg,angry
73059634.jpg,happy
73063416.jpg,fear
73063624.jpg,neutral
73068404.jpg,happy
73068980.jpg,sad
73068982.jpg,happy
73070107.jpg,neutral
73071603.jpg,fear
73073779.jpg,sad
73075570.jpg,fear
73077792.jpg,neutral
73078960.jpg,neutral
73082564.jpg,neutral
73082565.jpg,happy
73084182.jpg,angry
73088363.jpg,neutral
73091060.jpg,sad
73096918.jpg,neutral
73104796.jpg,sad
73108844.jpg,neutral
73108845.jpg,fear
73111873.jpg,neutral
73113611.jpg,sad
73116893.jpg,sad
73121290.jpg,neutral
73123705.jpg,sad
73130997.jpg,sad
73133910.jpg,angry
73139636.jpg,sad
73141481.jpg,happy
73143119.jpg,sad
73146484.jpg,fear
73146489.jpg,fear
73146508.jpg,sad
73146753.jpg,sad
73148102.jpg,neutral
73171801.jpg,neutral
73175449.jpg,neutral
73175606.jpg,neutral
73183203.jpg,neutral
73183745.jpg,happy
73188656.jpg,surprise
73194508.jpg,happy
73194578.jpg,fear
73198540.jpg,surprise
73209239.jpg,fear
73209244.jpg,neutral
73210758.jpg,sad
73210859.jpg,neutral
73211841.jpg,angry
73219980.jpg,neutral
73220698.jpg,happy
73222485.jpg,fear
73224683.jpg,neutral
73226984.jpg,fear
73229320.jpg,sad
73229872.jpg,neutral
73229905.jpg,neutral
73229910.jpg,neutral
73230703.jpg,happy
73230753.jpg,angry
73231094.jpg,neutral
73231096.jpg,fear
73234897.jpg,surprise
73236124.jpg,happy
73236148.jpg,neutral
73236150.jpg,happy
73236164.jpg,happy
73237669.jpg,fear
73237670.jpg,neutral
73238704.jpg,sad
73240358.jpg,neutral
73245637.jpg,happy
73245667.jpg,neutral
73249165.jpg,neutral
73249516.jpg,happy
73249553.jpg,neutral
73250423.jpg,happy
73250890.jpg,neutral
73252482.jpg,neutral
73252502.jpg,fear
73252513.jpg,happy
73254599.jpg,fear
73254616.jpg,fear
73257049.jpg,fear
73261252.jpg,angry
73262063.jpg,sad
73263229.jpg,neutral
73263480.jpg,neutral
73264905.jpg,sad
73264915.jpg,angry
73264983.jpg,neutral
73265001.jpg,neutral
73266577.jpg,neutral
73266596.jpg,angry
73266770.jpg,fear
73267867.jpg,neutral
73268450.jpg,neutral
73272353.jpg,happy
73272432.jpg,sad
73272564.jpg,neutral
73273661.jpg,fear
73273873.jpg,happy
73274134.jpg,fear
73275276.jpg,neutral
73277115.jpg,sad
73277872.jpg,angry
73298598.jpg,happy
73298651.jpg,angry
73298652.jpg,fear
73299097.jpg,sad
73299122.jpg,neutral
73300079.jpg,sad
73300774.jpg,sad
73301569.jpg,neutral
73301621.jpg,disgust
73301653.jpg,fear
73302996.jpg,neutral
73303235.jpg,neutral
73303284.jpg,neutral
73303352.jpg,neutral
73303381.jpg,fear
73303390.jpg,neutral
73303865.jpg,happy
73303866.jpg,angry
73304132.jpg,neutral
73305220.jpg,neutral
73306238.jpg,happy
73306884.jpg,neutral
73307117.jpg,neutral
73308056.jpg,fear
73309778.jpg,sad
73309837.jpg,fear
73310446.jpg,neutral
73310463.jpg,happy
73310729.jpg,neutral
73311206.jpg,neutral
73311243.jpg,sad
73313295.jpg,sad
73313299.jpg,angry
73313372.jpg,angry
73313387.jpg,sad
73313399.jpg,surprise
73313418.jpg,neutral
73313425.jpg,neutral
73313437.jpg,neutral
73313447.jpg,neutral
73313461.jpg,neutral
73315143.jpg,angry
73315201.jpg,fear
73315266.jpg,neutral
73315279.jpg,neutral
73320629.jpg,happy
73320666.jpg,neutral
73321655.jpg,fear
73322934.jpg,angry
73327189.jpg,fear
73327450.jpg,neutral
73336702.jpg,neutral
73342791.jpg,sad
73350090.jpg,happy
73350106.jpg,fear
73351140.jpg,neutral
73351338.jpg,fear
73352477.jpg,neutral
73355103.jpg,neutral
73360127.jpg,happy
73361360.jpg,neutral
73361406.jpg,sad
73362730.jpg,happy
73362772.jpg,neutral
73368025.jpg,neutral
73374163.jpg,happy
73374195.jpg,angry
73376491.jpg,neutral
73378150.jpg,fear
73379862.jpg,neutral
73379983.jpg,neutral
73379995.jpg,fear
73379999.jpg,neutral
73380006.jpg,neutral
73380081.jpg,neutral
73380696.jpg,sad
73380872.jpg,sad
73380880.jpg,sad
73380962.jpg,fear
73381023.jpg,neutral
73381107.jpg,surprise
73382230.jpg,neutral
73382269.jpg,happy
73382298.jpg,neutral
73382340.jpg,surprise
73382344.jpg,neutral
73382545.jpg,neutral
73383177.jpg,neutral
73384275.jpg,neutral
73385023.jpg,happy
73385800.jpg,fear
73386722.jpg,happy
73386778.jpg,neutral
73386918.jpg,happy
73386959.jpg,neutral
73387772.jpg,neutral
73390166.jpg,happy
73391214.jpg,neutral
73392432.jpg,neutral
73414124.jpg,neutral
73414769.jpg,neutral
73415501.jpg,neutral
73416160.jpg,sad
73417217.jpg,fear
73418745.jpg,happy
73418797.jpg,neutral
73424135.jpg,neutral
73424136.jpg,sad
73424890.jpg,neutral
73424902.jpg,sad
73426778.jpg,neutral
73426800.jpg,neutral
73426814.jpg,surprise
73426918.jpg,sad
73427186.jpg,neutral
73428190.jpg,happy
73428834.jpg,happy
73428854.jpg,neutral
73428874.jpg,neutral
73428884.jpg,angry
73429010.jpg,neutral
73429019.jpg,sad
73429756.jpg,neutral
73429758.jpg,neutral
73429759.jpg,fear
73430169.jpg,neutral
73430369.jpg,happy
73430676.jpg,neutral
73430851.jpg,happy
73432106.jpg,neutral
73432932.jpg,neutral
73436026.jpg,neutral
73438462.jpg,neutral
73438597.jpg,fear
73439356.jpg,sad
73439371.jpg,neutral
73440368.jpg,neutral
73440505.jpg,neutral
73440513.jpg,neutral
73443438.jpg,neutral
73443461.jpg,neutral
73444869.jpg,neutral
73444977.jpg,neutral
73445522.jpg,neutral
73445531.jpg,sad
73447148.jpg,neutral
73447155.jpg,neutral
73447156.jpg,fear
73447503.jpg,fear
73447949.jpg,neutral
73448869.jpg,angry
73448913.jpg,neutral
73449561.jpg,neutral
73449571.jpg,neutral
73449573.jpg,sad
73449813.jpg,neutral
73449847.jpg,neutral
73450523.jpg,neutral
73450608.jpg,fear
73450784.jpg,fear
73450895.jpg,happy
73450906.jpg,neutral
73450978.jpg,neutral
73452895.jpg,neutral
73452903.jpg,angry
73452910.jpg,neutral
73452927.jpg,neutral
73452942.jpg,neutral
73452944.jpg,sad
73454193.jpg,happy
73455384.jpg,sad
73458663.jpg,neutral
73459114.jpg,angry
73459515.jpg,neutral
73460930.jpg,neutral
73461727.jpg,happy
73462505.jpg,fear
73463127.jpg,happy
73463130.jpg,neutral
73465137.jpg,sad
73468622.jpg,sad
73469744.jpg,sad
73472135.jpg,happy
73473224.jpg,neutral
73473681.jpg,sad
73474177.jpg,neutral
73475934.jpg,sad
73475942.jpg,sad
73475943.jpg,sad
73476023.jpg,happy
73476102.jpg,happy
73476118.jpg,happy
73476884.jpg,angry
73477182.jpg,fear
73477184.jpg,sad
73477193.jpg,sad
73477214.jpg,neutral
73477310.jpg,happy
73478418.jpg,fear
73478451.jpg,neutral
73478452.jpg,happy
73478561.jpg,neutral
73478718.jpg,sad
73478725.jpg,fear
73479597.jpg,fear
73480307.jpg,neutral
73480992.jpg,neutral
73481035.jpg,sad
73481081.jpg,neutral
73481103.jpg,angry
73481119.jpg,neutral
73481320.jpg,neutral
73481780.jpg,neutral
73483044.jpg,neutral
73485433.jpg,neutral
73485447.jpg,angry
73486170.jpg,neutral
73486174.jpg,neutral
73486202.jpg,fear
73486217.jpg,neutral
73487124.jpg,neutral
73488734.jpg,fear
73492440.jpg,neutral
73492532.jpg,fear
73492761.jpg,fear
73492778.jpg,neutral
73492844.jpg,neutral
73494660.jpg,fear
73494672.jpg,angry
73495470.jpg,happy
73495505.jpg,neutral
73498369.jpg,happy
73498964.jpg,neutral
73503384.jpg,happy
73503447.jpg,neutral
73504605.jpg,neutral
73504624.jpg,angry
73504629.jpg,neutral
73505646.jpg,angry
73509656.jpg,sad
73509676.jpg,sad
73510839.jpg,neutral
73512683.jpg,fear
73512930.jpg,angry
73513375.jpg,neutral
73513646.jpg,neutral
73513702.jpg,sad
73513984.jpg,neutral
73515306.jpg,neutral
73517123.jpg,sad
73517128.jpg,neutral
73517139.jpg,surprise
73517217.jpg,neutral
73517221.jpg,sad
73517247.jpg,neutral
73517271.jpg,neutral
73517288.jpg,neutral
73517300.jpg,angry
73517395.jpg,neutral
73517402.jpg,sad
73517486.jpg,neutral
73517496.jpg,fear
73517557.jpg,neutral
73517593.jpg,fear
73517629.jpg,sad
73517674.jpg,neutral
73517729.jpg,neutral
73517754.jpg,neutral
73519960.jpg,neutral
73522659.jpg,neutral
73522693.jpg,neutral
73522743.jpg,sad
73522918.jpg,sad
73523009.jpg,surprise
73523034.jpg,happy
73523035.jpg,angry
73523360.jpg,neutral
73523434.jpg,neutral
73523529.jpg,sad
73523612.jpg,happy
73523736.jpg,neutral
73523741.jpg,fear
73523742.jpg,neutral
73523743.jpg,sad
73523772.jpg,sad
73523789.jpg,sad
73523794.jpg,neutral
73523857.jpg,neutral
73524837.jpg,neutral
73525060.jpg,angry
73525064.jpg,neutral
73525100.jpg,neutral
73525102.jpg,sad
73525122.jpg,sad
73525136.jpg,neutral
73525215.jpg,neutral
73525451.jpg,neutral
73525541.jpg,happy
73525668.jpg,fear
73525736.jpg,happy
73525803.jpg,neutral
73525863.jpg,neutral
73526436.jpg,happy
73527648.jpg,neutral
73528233.jpg,happy
73528247.jpg,sad
73529969.jpg,neutral
73532445.jpg,neutral
73532454.jpg,sad
73532464.jpg,neutral
73534765.jpg,happy
73536906.jpg,neutral
73536910.jpg,neutral
73537277.jpg,neutral
73538026.jpg,happy
73538150.jpg,sad
73538237.jpg,happy
73539057.jpg,neutral
73539666.jpg,neutral
73539674.jpg,neutral
73541230.jpg,neutral
73541283.jpg,fear
73541323.jpg,neutral
73541589.jpg,sad
73541594.jpg,happy
73544979.jpg,happy
73546201.jpg,neutral
73574224.jpg,neutral
73575050.jpg,neutral
73575764.jpg,fear
73575767.jpg,happy
73578264.jpg,neutral
73579206.jpg,happy
73579260.jpg,neutral
73579319.jpg,neutral
73580287.jpg,neutral
73580289.jpg,happy
73580452.jpg,happy
73581296.jpg,neutral
73581643.jpg,happy
73581654.jpg,neutral
73581680.jpg,sad
73581688.jpg,neutral
73581739.jpg,sad
73581740.jpg,fear
73581959.jpg,angry
73581964.jpg,neutral
73582147.jpg,happy
73582160.jpg,neutral
73582737.jpg,happy
73583128.jpg,sad
73583275.jpg,neutral
73584019.jpg,neutral
73584024.jpg,angry
73584180.jpg,happy
73584229.jpg,neutral
73584279.jpg,sad
73585249.jpg,neutral
73585314.jpg,neutral
73586036.jpg,happy
73586345.jpg,fear
73586663.jpg,sad
73586665.jpg,sad
73587123.jpg,neutral
73587888.jpg,happy
73587912.jpg,fear
73587962.jpg,neutral
73588350.jpg,sad
73588774.jpg,fear
73588960.jpg,sad
73590255.jpg,sad
73590283.jpg,fear
73590631.jpg,happy
73590846.jpg,angry
73590953.jpg,neutral
73591117.jpg,fear
73591124.jpg,surprise
73591959.jpg,neutral
73592652.jpg,neutral
73592659.jpg,angry
73592694.jpg,neutral
73594154.jpg,angry
73595108.jpg,neutral
73595795.jpg,sad
73596242.jpg,happy
73596674.jpg,neutral
73596678.jpg,neutral
73596681.jpg,happy
73598716.jpg,sad
73601505.jpg,neutral
73606288.jpg,happy
73606301.jpg,happy
73606420.jpg,neutral
73607899.jpg,happy
73607903.jpg,neutral
73608191.jpg,sad
73608195.jpg,neutral
73609602.jpg,neutral
73611260.jpg,neutral
73611464.jpg,fear
73611490.jpg,neutral
73611538.jpg,neutral
73619104.jpg,neutral
73619206.jpg,fear
73619563.jpg,sad
73619572.jpg,neutral
73619750.jpg,neutral
73621005.jpg,neutral
73621014.jpg,angry
73622400.jpg,fear
73622403.jpg,neutral
73622514.jpg,happy
73622515.jpg,angry
73622879.jpg,angry
73623716.jpg,fear
73623746.jpg,neutral
73624353.jpg,neutral
73624376.jpg,sad
73624634.jpg,neutral
73625028.jpg,neutral
73625055.jpg,neutral
73628211.jpg,happy
73628344.jpg,fear
73628384.jpg,neutral
73635937.jpg,sad
73636042.jpg,neutral
73636048.jpg,neutral
73636112.jpg,sad
73636148.jpg,neutral
73636274.jpg,neutral
73637791.jpg,neutral
73637793.jpg,angry
73637794.jpg,angry
73637934.jpg,angry
73637945.jpg,neutral
73637956.jpg,happy
73638246.jpg,sad
73638344.jpg,happy
73638426.jpg,fear
73638428.jpg,angry
73638469.jpg,neutral
73638537.jpg,happy
73638568.jpg,neutral
73638623.jpg,neutral
73638628.jpg,fear
73638720.jpg,neutral
73639628.jpg,neutral
73640471.jpg,neutral
73640516.jpg,neutral
73640533.jpg,sad
73640576.jpg,neutral
73640596.jpg,fear
73640660.jpg,neutral
73640674.jpg,sad
73640677.jpg,happy
73640689.jpg,angry
73640719.jpg,neutral
73640720.jpg,angry
73640721.jpg,neutral
73640740.jpg,neutral
73640782.jpg,fear
73640786.jpg,happy
73640790.jpg,neutral
73640796.jpg,sad
73640804.jpg,sad
73640806.jpg,neutral
73640875.jpg,neutral
73640884.jpg,happy
73641074.jpg,neutral
73641103.jpg,fear
73642765.jpg,fear
73642799.jpg,neutral
73642846.jpg,neutral
73642863.jpg,angry
73643075.jpg,sad
73643127.jpg,happy
73643134.jpg,neutral
73643178.jpg,neutral
73643194.jpg,neutral
73643237.jpg,angry
73643293.jpg,neutral
73643344.jpg,neutral
73643389.jpg,fear
73643464.jpg,neutral
73643467.jpg,fear
73643615.jpg,neutral
73643645.jpg,neutral
73643659.jpg,happy
73643668.jpg,happy
73643686.jpg,surprise
73643777.jpg,neutral
73643842.jpg,neutral
73644482.jpg,happy
73644528.jpg,neutral
73645425.jpg,neutral
73645429.jpg,happy
73645493.jpg,fear
73645498.jpg,neutral
73645656.jpg,neutral
73645657.jpg,happy
73645667.jpg,neutral
73645673.jpg,sad
73645822.jpg,neutral
73645839.jpg,sad
73645881.jpg,sad
73645898.jpg,angry
73645943.jpg,happy
73646137.jpg,fear
73646165.jpg,neutral
73646166.jpg,neutral
73646214.jpg,happy
73646250.jpg,fear
73646795.jpg,neutral
73647177.jpg,neutral
73647243.jpg,fear
73647250.jpg,neutral
73647317.jpg,angry
73647474.jpg,happy
73647480.jpg,sad
73647508.jpg,neutral
73647734.jpg,happy
73647757.jpg,neutral
73647923.jpg,sad
73648036.jpg,sad
73648255.jpg,fear
73648317.jpg,fear
73648322.jpg,neutral
73648369.jpg,angry
73648375.jpg,neutral
73648389.jpg,neutral
73648632.jpg,neutral
73648912.jpg,sad
73648914.jpg,neutral
73649426.jpg,neutral
73649431.jpg,neutral
73649503.jpg,neutral
73649600.jpg,sad
73649612.jpg,neutral
73649636.jpg,neutral
73649637.jpg,fear
73649642.jpg,neutral
73649651.jpg,sad
73649666.jpg,neutral
73650168.jpg,fear
73650846.jpg,fear
73650982.jpg,fear
73651111.jpg,sad
73651166.jpg,sad
73651213.jpg,fear
73651286.jpg,neutral
73651349.jpg,sad
73651370.jpg,angry
73651376.jpg,happy
73651392.jpg,sad
73651396.jpg,neutral
73651404.jpg,fear
73651619.jpg,neutral
73651745.jpg,sad
73651873.jpg,sad
73651875.jpg,neutral
73652056.jpg,neutral
73652069.jpg,neutral
73652932.jpg,neutral
73652977.jpg,angry
73652978.jpg,angry
73652995.jpg,neutral
73653044.jpg,sad
73653054.jpg,sad
73653056.jpg,neutral
73653186.jpg,fear
73653208.jpg,neutral
73653753.jpg,fear
73653871.jpg,fear
73653880.jpg,happy
73654057.jpg,sad
73654088.jpg,angry
73654397.jpg,happy
73654400.jpg,happy
73661762.jpg,neutral
73665240.jpg,neutral
73666258.jpg,neutral
73666284.jpg,sad
73670980.jpg,neutral
73674015.jpg,neutral
73676105.jpg,sad
73676592.jpg,fear
73685414.jpg,neutral
73689184.jpg,fear
73691531.jpg,fear
73694243.jpg,neutral
73694284.jpg,neutral
73694315.jpg,angry
73700020.jpg,surprise
73701144.jpg,sad
73701450.jpg,angry
73703496.jpg,sad
73704565.jpg,neutral
73704891.jpg,neutral
73705989.jpg,neutral
73707691.jpg,sad
73707725.jpg,neutral
73707880.jpg,fear
73708053.jpg,sad
73708438.jpg,neutral
73708444.jpg,fear
73710003.jpg,neutral
73711359.jpg,neutral
73712215.jpg,neutral
73712216.jpg,happy
73712253.jpg,neutral
73712256.jpg,sad
73712498.jpg,neutral
73712520.jpg,neutral
73712536.jpg,neutral
73712547.jpg,neutral
73713188.jpg,neutral
73713210.jpg,angry
73713287.jpg,neutral
73713298.jpg,neutral
73713322.jpg,sad
73713324.jpg,sad
73713357.jpg,angry
73713388.jpg,happy
73713390.jpg,sad
73713400.jpg,fear
73713408.jpg,neutral
73714352.jpg,sad
73714353.jpg,fear
73714362.jpg,happy
73714392.jpg,neutral
73714532.jpg,fear
73715024.jpg,neutral
73715052.jpg,fear
73735514.jpg,happy
73735906.jpg,neutral
73736431.jpg,neutral
73736707.jpg,neutral
73738868.jpg,neutral
73738955.jpg,fear
73740074.jpg,happy
73740103.jpg,angry
73740140.jpg,happy
73740204.jpg,neutral
73740429.jpg,neutral
73740435.jpg,fear
73740544.jpg,sad
73740548.jpg,disgust
73741474.jpg,neutral
73741812.jpg,neutral
73741819.jpg,neutral
73741873.jpg,neutral
73742490.jpg,neutral
73742491.jpg,sad
73742642.jpg,neutral
73742643.jpg,happy
73742828.jpg,sad
73742868.jpg,neutral
73742877.jpg,happy
73742907.jpg,sad
73743123.jpg,neutral
73743202.jpg,sad
73743851.jpg,neutral
73744069.jpg,happy
73744153.jpg,sad
73744259.jpg,neutral
73744573.jpg,fear
73744590.jpg,neutral
73744605.jpg,sad
73744634.jpg,neutral
73744658.jpg,neutral
73744663.jpg,fear
73744697.jpg,fear
73744725.jpg,neutral
73744774.jpg,fear
73744781.jpg,neutral
73744954.jpg,neutral
73744975.jpg,fear
73744992.jpg,sad
73745280.jpg,angry
73745508.jpg,fear
73745522.jpg,sad
73745527.jpg,neutral
73746295.jpg,happy
73746428.jpg,sad
73746436.jpg,neutral
73746465.jpg,fear
73746470.jpg,happy
73746543.jpg,neutral
73746557.jpg,neutral
73747796.jpg,surprise
73747802.jpg,fear
73747803.jpg,sad
73747842.jpg,neutral
73748754.jpg,fear
73748758.jpg,happy
73749272.jpg,happy
73749298.jpg,surprise
73750691.jpg,angry
73750698.jpg,angry
73750704.jpg,angry
73750709.jpg,neutral
73750710.jpg,neutral
73750746.jpg,neutral
73750890.jpg,sad
73751003.jpg,neutral
73751191.jpg,happy
73751198.jpg,neutral
73752038.jpg,angry
73752504.jpg,neutral
73752505.jpg,neutral
73753019.jpg,neutral
73758008.jpg,neutral
73758086.jpg,neutral
73758138.jpg,fear
73758816.jpg,neutral
73758818.jpg,neutral
73758830.jpg,angry
73759011.jpg,neutral
73759641.jpg,neutral
73759745.jpg,neutral
73760086.jpg,angry
73760136.jpg,surprise
73760170.jpg,happy
73760759.jpg,happy
73761183.jpg,neutral
73764152.jpg,neutral
73764262.jpg,sad
73764268.jpg,neutral
73764471.jpg,neutral
73764495.jpg,neutral
73764563.jpg,fear
73764633.jpg,angry
73765172.jpg,sad
73765424.jpg,neutral
73766685.jpg,fear
73768687.jpg,fear
73768722.jpg,sad
73770094.jpg,happy
73770106.jpg,sad
73770107.jpg,fear
73770121.jpg,sad
73770173.jpg,sad
73770185.jpg,happy
73770241.jpg,happy
73770347.jpg,fear
73770775.jpg,neutral
73770810.jpg,happy
73770946.jpg,fear
73771643.jpg,fear
73772041.jpg,fear
73772052.jpg,neutral
73772057.jpg,neutral
73772062.jpg,neutral
73772063.jpg,neutral
73773132.jpg,neutral
73773354.jpg,neutral
73773368.jpg,happy
73773389.jpg,sad
73773529.jpg,neutral
73773539.jpg,neutral
73773600.jpg,fear
73773633.jpg,sad
73774016.jpg,neutral
73774093.jpg,neutral
73774992.jpg,happy
73776035.jpg,neutral
73776925.jpg,neutral
73776947.jpg,neutral
73777006.jpg,angry
73777418.jpg,neutral
73778068.jpg,angry
73793134.jpg,happy
73794975.jpg,neutral
73795530.jpg,neutral
73798876.jpg,fear
73799860.jpg,fear
73805535.jpg,neutral
73805818.jpg,sad
73807278.jpg,happy
73807515.jpg,sad
73807757.jpg,neutral
73810144.jpg,neutral
73810187.jpg,neutral
73810207.jpg,fear
73810235.jpg,neutral
73810239.jpg,sad
73810695.jpg,neutral
73810758.jpg,fear
73810934.jpg,neutral
73811263.jpg,neutral
73811264.jpg,fear
